,intent_loss,intent_acc,set
0,1.4668239998957617,0.6327598132457202,train
